business_name,category,city,address,phone,source,created_at
Copper Chimney,Restaurant,Mumbai,Mumbai,,OpenStreetMap,2026-05-17 01:55:06
Imperial Palace,Hotel,Mumbai,Mumbai,,OpenStreetMap,2026-05-17 01:55:06
Sharada,Hotel,Mumbai,Mumbai,,OpenStreetMap,2026-05-17 01:55:06
Cecil,Hotel,Mumbai,Mumbai,,OpenStreetMap,2026-05-17 01:55:06
Sunbeam Geeta,Hotel,Mumbai,Mumbai,,OpenStreetMap,2026-05-17 01:55:06
Vivako,Hotel,Mumbai,Mumbai,,OpenStreetMap,2026-05-17 01:55:06
Rajendra Clinic,Clinic,Mumbai,"Wadala Sewri Cross Road, Wadala West, Wadala, Mumbai",,OpenStreetMap,2026-05-17 01:55:06
Jollyland,Hotel,Mumbai,Mumbai,,OpenStreetMap,2026-05-17 01:55:06
Ghatla,Hotel,Mumbai,Mumbai,,OpenStreetMap,2026-05-17 01:55:06
Jewel Of Chembur,Hotel,Mumbai,Mumbai,,OpenStreetMap,2026-05-17 01:55:06
Maruthi Mahal,Hotel,Mumbai,Mumbai,,OpenStreetMap,2026-05-17 01:55:06
Anita Mahal,Hotel,Mumbai,Mumbai,,OpenStreetMap,2026-05-17 01:55:06
Regency,Hotel,Mumbai,Mumbai,,OpenStreetMap,2026-05-17 01:55:06
Classic,Hotel,Mumbai,Mumbai,,OpenStreetMap,2026-05-17 01:55:06
Atlantic,Hotel,Mumbai,Mumbai,,OpenStreetMap,2026-05-17 01:55:06
Ajanta,Hotel,Mumbai,Mumbai,,OpenStreetMap,2026-05-17 01:55:06
Royal Garden,Hotel,Mumbai,Mumbai,,OpenStreetMap,2026-05-17 01:55:06
Ambassador,Hotel,Mumbai,Mumbai,,OpenStreetMap,2026-05-17 01:55:06
Leela Kempinski,Hotel,Mumbai,Mumbai,,OpenStreetMap,2026-05-17 01:55:06
Kumaria Presidency,Hotel,Mumbai,Mumbai,,OpenStreetMap,2026-05-17 01:55:06
Samraj,Hotel,Mumbai,Mumbai,,OpenStreetMap,2026-05-17 01:55:06
Sun N Sheel,Hotel,Mumbai,Mumbai,,OpenStreetMap,2026-05-17 01:55:06
Tirupati,Hotel,Mumbai,Mumbai,,OpenStreetMap,2026-05-17 01:55:06
Highway Inn,Hotel,Mumbai,Mumbai,,OpenStreetMap,2026-05-17 01:55:06
Tunga International,Hotel,Mumbai,Mumbai,,OpenStreetMap,2026-05-17 01:55:06
Babul,Hotel,Mumbai,Mumbai,,OpenStreetMap,2026-05-17 01:55:06
Dolphin View,Hotel,Mumbai,Mumbai,,OpenStreetMap,2026-05-17 01:55:06
Manisha Cottage,Hotel,Mumbai,Mumbai,,OpenStreetMap,2026-05-17 01:55:06
Blue Ballerina,Hotel,Mumbai,Mumbai,,OpenStreetMap,2026-05-17 01:55:06
Jay Prakash,Hotel,Mumbai,Mumbai,,OpenStreetMap,2026-05-17 01:55:06
The Resort,Hotel,Mumbai,Mumbai,,OpenStreetMap,2026-05-17 01:55:06
Anil Thakur Guest House,Hotel,Mumbai,Mumbai,,OpenStreetMap,2026-05-17 01:55:06
Rohan,Hotel,Mumbai,Mumbai,,OpenStreetMap,2026-05-17 01:55:06
Home For Mental Deficient Childern,School,Mumbai,Mumbai,,OpenStreetMap,2026-05-17 01:55:06
Seaview,Hotel,Mumbai,Mumbai,,OpenStreetMap,2026-05-17 01:55:06
Citizen Hotel,Hotel,Mumbai,Mumbai,,OpenStreetMap,2026-05-17 01:55:06
Saint Anne'S Hospital,Hospital,Mumbai,Mumbai,,OpenStreetMap,2026-05-17 01:55:06
Dara'S Dhaba,Restaurant,Mumbai,Mumbai,,OpenStreetMap,2026-05-17 01:55:06
National Centre For Training And Research Into Cerebral Palsy,Hospital,Mumbai,Mumbai,,OpenStreetMap,2026-05-17 01:55:06
Cafe Andora,Restaurant,Mumbai,"St. Dominic Street, Mumbai",,OpenStreetMap,2026-05-17 01:55:06
Tibbs Frankies,Restaurant,Mumbai,Mumbai,,OpenStreetMap,2026-05-17 01:55:06
Apostolic Carmel Convent (Girl'S School),School,Mumbai,Mumbai,,OpenStreetMap,2026-05-17 01:55:06
Al Medica,Pharmacy,Mumbai,"Chapel Road, Mumbai",,OpenStreetMap,2026-05-17 01:55:06
Good Luck Restaurant,Restaurant,Mumbai,"M Kahn Chowk, Mumbai",02226422250,OpenStreetMap,2026-05-17 01:55:06
A1 Bakery,Restaurant,Mumbai,Mumbai,,OpenStreetMap,2026-05-17 01:55:06
Wonton House,Restaurant,Mumbai,Mumbai,,OpenStreetMap,2026-05-17 01:55:06
Noble Plus,Pharmacy,Mumbai,"M Kahn Chowk, Mumbai",,OpenStreetMap,2026-05-17 01:55:06
Bank Of India,Bank,Mumbai,Mumbai,,OpenStreetMap,2026-05-17 01:55:06
Jai Hind,Restaurant,Mumbai,Mumbai,,OpenStreetMap,2026-05-17 01:55:06
Heera Panna,Supermarket,Mumbai,Mumbai,,OpenStreetMap,2026-05-17 01:55:06
Great Punjab Hotel,Hotel,Mumbai,Mumbai,,OpenStreetMap,2026-05-17 01:55:06
Bademiya Seekh Kebab Stall,Restaurant,Mumbai,"Tullock Road, Mumbai",+91-2265-5657,OpenStreetMap,2026-05-17 01:55:06
Cafe Coffee Day,Restaurant,Mumbai,Mumbai,,OpenStreetMap,2026-05-17 01:55:06
Bobby'S,Pharmacy,Mumbai,Mumbai,,OpenStreetMap,2026-05-17 01:55:06
Real Chemist,Pharmacy,Mumbai,"50, 51, New Marine Lines, Mumbai",,OpenStreetMap,2026-05-17 01:55:06
Rajdhani,Restaurant,Mumbai,Mumbai,,OpenStreetMap,2026-05-17 01:55:06
Ever Green,Restaurant,Mumbai,Mumbai,,OpenStreetMap,2026-05-17 01:55:06
Shriram,Restaurant,Mumbai,Mumbai,,OpenStreetMap,2026-05-17 01:55:06
Mcdonald'S,Restaurant,Mumbai,"D Joshi Marg, Mumbai",,OpenStreetMap,2026-05-17 01:55:06
New Martin Hotel,Restaurant,Mumbai,Mumbai,,OpenStreetMap,2026-05-17 01:55:06
Central Bank,Bank,Mumbai,Mumbai,,OpenStreetMap,2026-05-17 01:55:06
Modern English School,School,Mumbai,Mumbai,,OpenStreetMap,2026-05-17 01:55:06
Mahesh Lunch Home,Restaurant,Mumbai,Mumbai,,OpenStreetMap,2026-05-17 01:55:06
Mocambo Cafe,Restaurant,Mumbai,Mumbai,,OpenStreetMap,2026-05-17 01:55:06
Ideal Corner,Restaurant,Mumbai,Mumbai,,OpenStreetMap,2026-05-17 01:55:06
Excellency Restaurant,Restaurant,Mumbai,Mumbai,,OpenStreetMap,2026-05-17 01:55:06
Hotel Adarsh Palace,Hotel,Mumbai,Mumbai,,OpenStreetMap,2026-05-17 01:55:06
Cafe Mondegar,Restaurant,Mumbai,"Chhatrapati Shivaji Maharaj Road, Mumbai",22020591,OpenStreetMap,2026-05-17 01:55:06
Akbarallys,Supermarket,Mumbai,Mumbai,,OpenStreetMap,2026-05-17 01:55:06
Moshe'S,Restaurant,Mumbai,"Captain Prakash Pethe Marg, Mumbai",,OpenStreetMap,2026-05-17 01:55:06
Kamat Restaurant,Restaurant,Mumbai,Mumbai,,OpenStreetMap,2026-05-17 01:55:06
Ankur,Restaurant,Mumbai,Mumbai,+91 22 2265 4194 / 2263 0393,OpenStreetMap,2026-05-17 01:55:06
Indigo Deli,Restaurant,Mumbai,"Chhatrapati Shivaji Maharaj Road, Mumbai",,OpenStreetMap,2026-05-17 01:55:06
Cafe Noorani,Restaurant,Mumbai,Mumbai,,OpenStreetMap,2026-05-17 01:55:06
Diamond,Hotel,Mumbai,Mumbai,,OpenStreetMap,2026-05-17 01:55:06
Borivali West,Hospital,Mumbai,"Dhaval Apartment, Factory Lane, near Railway Station, Bhatt Chawl, Mini Zaveri Bazaar, Mhatre Wadi, Borivali West, Mumbai",9324263464,OpenStreetMap,2026-05-17 01:55:06
Villa 39,Restaurant,Mumbai,"60, Madame Cama Road, Mumbai",+91 22 6657 3939,OpenStreetMap,2026-05-17 01:55:06
Little Italy,Restaurant,Mumbai,Mumbai,,OpenStreetMap,2026-05-17 01:55:06
Sarvi Restaurant,Restaurant,Mumbai,"184, Dimtimkar Road, Mumbai",7947140132,OpenStreetMap,2026-05-17 01:55:06
Cafe Coffee Day,Restaurant,Delhi,Delhi,,OpenStreetMap,2026-05-17 01:55:06
"Icici, Sbi, Citibank,",Bank,Delhi,Delhi,,OpenStreetMap,2026-05-17 01:55:06
"Paras Hospital, Gurgaon",Hospital,Delhi,"C-1, Sushant Lok Phase-1",,OpenStreetMap,2026-05-17 01:55:06
Hdfc Bank,Bank,Delhi,Delhi,,OpenStreetMap,2026-05-17 01:55:06
Standard Chartered Bank,Bank,Delhi,Delhi,,OpenStreetMap,2026-05-17 01:55:06
Heritage International School,School,Delhi,Delhi,,OpenStreetMap,2026-05-17 01:55:06
Deep Public School,School,Delhi,Delhi,,OpenStreetMap,2026-05-17 01:55:06
Dlf Supermart 1,Supermarket,Delhi,Delhi,,OpenStreetMap,2026-05-17 01:55:06
Icici Bank,Bank,Delhi,Delhi,,OpenStreetMap,2026-05-17 01:55:06
Darbar,Restaurant,Delhi,Delhi,,OpenStreetMap,2026-05-17 01:55:06
Standard Chartered,Bank,Delhi,Delhi,,OpenStreetMap,2026-05-17 01:55:06
Mcdonald'S,Restaurant,Delhi,Delhi,+91-11-66-000-666,OpenStreetMap,2026-05-17 01:55:06
Max Hospital,Hospital,Delhi,Delhi,,OpenStreetMap,2026-05-17 01:55:06
Block B Market,Supermarket,Delhi,Delhi,,OpenStreetMap,2026-05-17 01:55:06
Gardian Pharmacy,Pharmacy,Delhi,Delhi,,OpenStreetMap,2026-05-17 01:55:06
Block D Market,Supermarket,Delhi,Delhi,,OpenStreetMap,2026-05-17 01:55:06
Bikanervala,Restaurant,Delhi,Delhi,,OpenStreetMap,2026-05-17 01:55:06
Park Baluchi,Restaurant,Delhi,Delhi,,OpenStreetMap,2026-05-17 01:55:06
Domino'S,Restaurant,Delhi,Delhi,,OpenStreetMap,2026-05-17 01:55:06
Hsbc,Bank,Delhi,Delhi,,OpenStreetMap,2026-05-17 01:55:06
Lord Krishna Bank,Bank,Delhi,Delhi,,OpenStreetMap,2026-05-17 01:55:06
Kotak Mahindra Bank;India,Bank,Delhi,Delhi,,OpenStreetMap,2026-05-17 01:55:06
Axis Bank,Bank,Delhi,Delhi,,OpenStreetMap,2026-05-17 01:55:06
Nirula'S,Restaurant,Delhi,Delhi,,OpenStreetMap,2026-05-17 01:55:06
Prakash Hospital Pvt Ltd,Hospital,Delhi,Sector - 33 Sector - 33 Noida,,OpenStreetMap,2026-05-17 01:55:06
Big Bazaar,Supermarket,Delhi,Delhi,,OpenStreetMap,2026-05-17 01:55:06
The Ambassador,Hotel,Delhi,"Subramania Bharti Marg, Delhi",+91 11 6626 1000,OpenStreetMap,2026-05-17 01:55:06
"Delhi Public School, Primary Section",School,Delhi,Delhi,,OpenStreetMap,2026-05-17 01:55:06
Cr Model Public School,School,Delhi,Delhi,,OpenStreetMap,2026-05-17 01:55:06
Unitech Club,Gym,Delhi,Delhi,,OpenStreetMap,2026-05-17 01:55:06
Salvan Public School,School,Delhi,Delhi,,OpenStreetMap,2026-05-17 01:55:06
Dt Mega Mall,Supermarket,Delhi,Delhi,,OpenStreetMap,2026-05-17 01:55:06
Om Sweets,Restaurant,Delhi,Delhi,,OpenStreetMap,2026-05-17 01:55:06
Pushpanjali Hospital,Hospital,Delhi,Delhi,,OpenStreetMap,2026-05-17 01:55:06
Naveidyam,Restaurant,Delhi,Delhi,,OpenStreetMap,2026-05-17 01:55:06
Baba Ganganath Swimming Centre,Gym,Delhi,Delhi,,OpenStreetMap,2026-05-17 01:55:06
Guardian Pharmacy,Pharmacy,Delhi,Delhi,,OpenStreetMap,2026-05-17 01:55:06
Trident Hotel,Hotel,Delhi,Delhi,,OpenStreetMap,2026-05-17 01:55:06
Vasant Square Mall,Supermarket,Delhi,Delhi,,OpenStreetMap,2026-05-17 01:55:06
Radisson Blu Plaza Delhi Airport,Hotel,Delhi,Delhi,,OpenStreetMap,2026-05-17 01:55:06
Flavours Restaurant,Restaurant,Delhi,Delhi,,OpenStreetMap,2026-05-17 01:55:06
Hotel Surya,Hotel,Delhi,Delhi,,OpenStreetMap,2026-05-17 01:55:06
Punjab National Bank,Bank,Delhi,Delhi,,OpenStreetMap,2026-05-17 01:55:06
Hotel Amba Residency,Hotel,Delhi,Delhi,,OpenStreetMap,2026-05-17 01:55:06
Stones2Milestones,School,Delhi,Delhi,,OpenStreetMap,2026-05-17 01:55:06
Reliance Super,Supermarket,Delhi,Delhi,,OpenStreetMap,2026-05-17 01:55:06
State Bank Of India,Bank,Delhi,Delhi,,OpenStreetMap,2026-05-17 01:55:06
Ibis Hotel,Hotel,Delhi,Delhi,,OpenStreetMap,2026-05-17 01:55:06
Subway,Restaurant,Delhi,Delhi,,OpenStreetMap,2026-05-17 01:55:06
Barclays,Bank,Delhi,Delhi,,OpenStreetMap,2026-05-17 01:55:06
Union Bank Of India,Bank,Delhi,Delhi,,OpenStreetMap,2026-05-17 01:55:06
Suryadev,Hotel,Delhi,Delhi,,OpenStreetMap,2026-05-17 01:55:06
Raj Restaurant,Restaurant,Delhi,Delhi,,OpenStreetMap,2026-05-17 01:55:06
Haldiram,Restaurant,Delhi,Delhi,,OpenStreetMap,2026-05-17 01:55:06
Indusind Bank,Bank,Delhi,Delhi,,OpenStreetMap,2026-05-17 01:55:06
Abn Amro,Bank,Delhi,Delhi,,OpenStreetMap,2026-05-17 01:55:06
Religare Wellness,Pharmacy,Delhi,Delhi,,OpenStreetMap,2026-05-17 01:55:06
98.4,Pharmacy,Delhi,Delhi,,OpenStreetMap,2026-05-17 01:55:06
Guardian,Pharmacy,Delhi,Delhi,,OpenStreetMap,2026-05-17 01:55:06
Aggarwal Sweets,Restaurant,Delhi,Delhi,,OpenStreetMap,2026-05-17 01:55:06
Ashok Namkeen & Sweets,Restaurant,Delhi,Delhi,+91-92137-15107,OpenStreetMap,2026-05-17 01:55:06
South Indian Fast Food,Restaurant,Delhi,Delhi,,OpenStreetMap,2026-05-17 01:55:06
State Bank Of India,Bank,Bangalore,Bangalore,,OpenStreetMap,2026-05-17 01:55:06
Snack Corner,Restaurant,Bangalore,"Bannerghatta Road, Bangalore",,OpenStreetMap,2026-05-17 01:55:06
Athicas Canteen,Restaurant,Bangalore,Bangalore,,OpenStreetMap,2026-05-17 01:55:06
Chai-Unchai,Restaurant,Bangalore,Bangalore,,OpenStreetMap,2026-05-17 01:55:06
Icici Bank,Bank,Bangalore,"419, 27th Main Road, Bangalore",,OpenStreetMap,2026-05-17 01:55:06
Karnataka Bank,Bank,Bangalore,Bangalore,,OpenStreetMap,2026-05-17 01:55:06
Angel Heart Montessori Play School,School,Bangalore,Bangalore,,OpenStreetMap,2026-05-17 01:55:06
Bank Of Baroda,Bank,Bangalore,Bangalore,,OpenStreetMap,2026-05-17 01:55:06
Gangothri Residency,Hotel,Bangalore,"Outer Ring Road, Bangalore",,OpenStreetMap,2026-05-17 01:55:06
Ringview Residency,Hotel,Bangalore,"Outer Ring Road, Bangalore",,OpenStreetMap,2026-05-17 01:55:06
Priti Departmental Store,Supermarket,Bangalore,Bangalore,,OpenStreetMap,2026-05-17 01:55:06
Meals House,Restaurant,Bangalore,Bangalore,,OpenStreetMap,2026-05-17 01:55:06
Swamy Hospital,Hospital,Bangalore,Bangalore,,OpenStreetMap,2026-05-17 01:55:06
Food N Drinks,Restaurant,Bangalore,Bangalore,,OpenStreetMap,2026-05-17 01:55:06
Evolve Electronic City,Restaurant,Bangalore,"Velankani Drive, Bangalore",080 49653185,OpenStreetMap,2026-05-17 01:55:06
Hdfc Bank,Bank,Bangalore,Bangalore,,OpenStreetMap,2026-05-17 01:55:06
Clinic,Hospital,Bangalore,Bangalore,,OpenStreetMap,2026-05-17 01:55:06
Canara Bank Holiday Home,Hotel,Bangalore,"2nd Main Road, Bangalore",,OpenStreetMap,2026-05-17 01:55:06
Shanti Hospital,Hospital,Bangalore,Bangalore,,OpenStreetMap,2026-05-17 01:55:06
Sukh Sagar,Restaurant,Bangalore,"Mahayogi Vemana Road, Bangalore",,OpenStreetMap,2026-05-17 01:55:06
Amruth Park Land,Restaurant,Bangalore,Bangalore,,OpenStreetMap,2026-05-17 01:55:06
Apollo Hospital,Hospital,Bangalore,"74/1, Bellandur, Ring Road, Varthur",+91-80-40222555,OpenStreetMap,2026-05-17 01:55:06
Foodworld,Supermarket,Bangalore,Bangalore,,OpenStreetMap,2026-05-17 01:55:06
Canara Bank,Bank,Bangalore,Bangalore,,OpenStreetMap,2026-05-17 01:55:06
Narayana Hrudayalaya Dental Clinic,Hospital,Bangalore,"Outer Ring Road, Bangalore",,OpenStreetMap,2026-05-17 01:55:06
Dr Ganesh Medical And Diabetic Clinic,Hospital,Bangalore,Bangalore,,OpenStreetMap,2026-05-17 01:55:06
Shanti Sagar,Restaurant,Bangalore,Bangalore,,OpenStreetMap,2026-05-17 01:55:06
Family Mall,Supermarket,Bangalore,Bangalore,,OpenStreetMap,2026-05-17 01:55:06
Spencers Express,Supermarket,Bangalore,"7th Cross Road, Bangalore",,OpenStreetMap,2026-05-17 01:55:06
More,Supermarket,Bangalore,Bangalore,,OpenStreetMap,2026-05-17 01:55:06
Srinidhi Sagar,Restaurant,Bangalore,Bangalore,,OpenStreetMap,2026-05-17 01:55:06
Nandhini,Restaurant,Bangalore,"100 Feet Road, Bangalore",,OpenStreetMap,2026-05-17 01:55:06
Nandhana,Restaurant,Bangalore,Bangalore,,OpenStreetMap,2026-05-17 01:55:06
Kfc,Restaurant,Bangalore,"100 Feet Road( S K Karim Khan Road), Bangalore",,OpenStreetMap,2026-05-17 01:55:06
Vijaya Bank,Bank,Bangalore,Bangalore,,OpenStreetMap,2026-05-17 01:55:06
Ashwin Pharma,Pharmacy,Bangalore,"HAL Airport Road, Bangalore",,OpenStreetMap,2026-05-17 01:55:06
Medplus,Pharmacy,Bangalore,Bangalore,,OpenStreetMap,2026-05-17 01:55:06
Simply Native,Restaurant,Bangalore,"Paramahansa Yogananda Road, Bangalore",,OpenStreetMap,2026-05-17 01:55:06
Subway,Restaurant,Bangalore,"Indiranagar Double Road, Bangalore",,OpenStreetMap,2026-05-17 01:55:06
Apollo Pharmacy,Pharmacy,Bangalore,Bangalore,,OpenStreetMap,2026-05-17 01:55:06
Adyar Ananda Bhavan,Restaurant,Bangalore,Bangalore,,OpenStreetMap,2026-05-17 01:55:06
Reliance Fresh,Supermarket,Bangalore,Bangalore,,OpenStreetMap,2026-05-17 01:55:06
Koshy'S,Restaurant,Bangalore,"39, Saint Mark's Road, Shanthala Nagar, Bangalore",,OpenStreetMap,2026-05-17 01:55:06
Shoba,Supermarket,Bangalore,Bangalore,,OpenStreetMap,2026-05-17 01:55:06
Smart,Supermarket,Bangalore,Bangalore,,OpenStreetMap,2026-05-17 01:55:06
Jbs Hospital,Hospital,Bangalore,"Kanakapura Road, Bangalore",,OpenStreetMap,2026-05-17 01:55:06
Jayanagar Heart Centre,Hospital,Bangalore,Bangalore,,OpenStreetMap,2026-05-17 01:55:06
Big Bazaar,Supermarket,Bangalore,Bangalore,,OpenStreetMap,2026-05-17 01:55:06
Swamy Vivekananda Primary And High School,School,Bangalore,Bangalore,,OpenStreetMap,2026-05-17 01:55:06
Golden Chariot Public School,School,Bangalore,Bangalore,,OpenStreetMap,2026-05-17 01:55:06
Manasa Public School,School,Bangalore,Bangalore,,OpenStreetMap,2026-05-17 01:55:06
M M A Kababs,Restaurant,Bangalore,"ITPL Main Road, Bangalore",,OpenStreetMap,2026-05-17 01:55:06
United Public School,School,Bangalore,Bangalore,,OpenStreetMap,2026-05-17 01:55:06
Pizza Hut,Restaurant,Bangalore,"Chinmaya Mission Hospital Road, Bangalore",,OpenStreetMap,2026-05-17 01:55:06
Cafe Coffee Day,Restaurant,Bangalore,"100 Feet Road(S K Karim Khan Road), Bangalore",,OpenStreetMap,2026-05-17 01:55:06
Konārk,Restaurant,Bangalore,Bangalore,+918041248812,OpenStreetMap,2026-05-17 01:55:06
Kamat Nandanvan,Restaurant,Bangalore,Bangalore,,OpenStreetMap,2026-05-17 01:55:06
Old Madras Baking Company,Restaurant,Bangalore,"Saint Mark's Road, Bangalore",,OpenStreetMap,2026-05-17 01:55:06
"Canara Union, Prakash Courts",Gym,Bangalore,Bangalore,,OpenStreetMap,2026-05-17 01:55:06
Hard Rock Cafe,Restaurant,Bangalore,"Saint Mark's Road, Bangalore",,OpenStreetMap,2026-05-17 01:55:06
Sri Raghavendra,Restaurant,Bangalore,Bangalore,,OpenStreetMap,2026-05-17 01:55:06
Hotel Hindustan,Hotel,Bangalore,Bangalore,,OpenStreetMap,2026-05-17 01:55:06
Anand Sagar Punjabi Dhaba,Restaurant,Bangalore,Bangalore,,OpenStreetMap,2026-05-17 01:55:06
Hotel Anand Regency,Hotel,Bangalore,"10, 2nd Cross, 6th Main Road, Bangalore",+91-80-41139572,OpenStreetMap,2026-05-17 01:55:06
Mavalli Tiffin Rooms,Restaurant,Bangalore,"14, Lalbagh Road, Bangalore",+918022220022,OpenStreetMap,2026-05-17 01:55:06
Hyderbad Biryani House,Restaurant,Bangalore,"Victoria Road, Bangalore",,OpenStreetMap,2026-05-17 01:55:06
Karur Vysya Bank,Bank,Bangalore,Bangalore,,OpenStreetMap,2026-05-17 01:55:06
Shop And Save,Supermarket,Bangalore,Bangalore,,OpenStreetMap,2026-05-17 01:55:06
L.B.S. School,School,Bangalore,Bangalore,,OpenStreetMap,2026-05-17 01:55:06
Sri Vijayalakshmi Pragathi Hospital,Hospital,Bangalore,Bangalore,,OpenStreetMap,2026-05-17 01:55:06
Yuvalok School,School,Bangalore,Bangalore,,OpenStreetMap,2026-05-17 01:55:06
Sinclairs High School,School,Bangalore,Bangalore,,OpenStreetMap,2026-05-17 01:55:06
Ginger Greens,Restaurant,Bangalore,"122/4, Outer Ring Road, Bangalore",+91-80-25434744,OpenStreetMap,2026-05-17 01:55:06
Kalaignar Karunanidhi Nagar,Hospital,Chennai,Chennai,,OpenStreetMap,2026-05-17 01:55:06
Koyambedu,Clinic,Chennai,Chennai,,OpenStreetMap,2026-05-17 01:55:06
Kasimedu,Hospital,Chennai,Chennai,,OpenStreetMap,2026-05-17 01:55:06
The Great Kabab Factory,Restaurant,Chennai,Chennai,,OpenStreetMap,2026-05-17 01:55:06
Chola Sheraton,Hotel,Chennai,Chennai,,OpenStreetMap,2026-05-17 01:55:06
Amrit Hospital,Hospital,Chennai,"New No.310, Mint Street, Sowcarpet",,OpenStreetMap,2026-05-17 01:55:06
Vikram Hospital,Hospital,Chennai,Chennai,,OpenStreetMap,2026-05-17 01:55:06
City Tower Hospitals,Hospital,Chennai,"Old No AA-10, New No AA - 85, 2ND-Avenue, Near Roundtana Bus Stop",,OpenStreetMap,2026-05-17 01:55:06
"Apollo Hospitals, Tondiarpet",Hospital,Chennai,"No.645, TH Road, Tondiarpet",,OpenStreetMap,2026-05-17 01:55:06
K.H.M.Hospital,Hospital,Chennai,"AB-14/4907, Balasubramanian Building, Opposite Sri Ayyappa Temple, 6th Main Road",,OpenStreetMap,2026-05-17 01:55:06
Sundaram Medical Foundation,Hospital,Chennai,"9-C, Shanthi Colony Iv Avenue, Anna Nagar",,OpenStreetMap,2026-05-17 01:55:06
Sri Devi Speciality Hospial,Hospital,Chennai,"New No.4, Old No.1620-A, 16Th Main Road, Anna Nagar",,OpenStreetMap,2026-05-17 01:55:06
New Prince Higher Secondary,School,Chennai,Chennai,,OpenStreetMap,2026-05-17 01:55:06
St. Marks School,School,Chennai,Chennai,,OpenStreetMap,2026-05-17 01:55:06
Tangerine,Restaurant,Chennai,Chennai,,OpenStreetMap,2026-05-17 01:55:06
Ente Keralam,Restaurant,Chennai,Chennai,,OpenStreetMap,2026-05-17 01:55:06
Samco,Hotel,Chennai,Chennai,,OpenStreetMap,2026-05-17 01:55:06
Suriyas,Restaurant,Chennai,Chennai,,OpenStreetMap,2026-05-17 01:55:06
Reliance Fresh,Supermarket,Chennai,Chennai,,OpenStreetMap,2026-05-17 01:55:06
Eldams Lodge,Hotel,Chennai,Chennai,,OpenStreetMap,2026-05-17 01:55:06
Ananda,Restaurant,Chennai,Chennai,,OpenStreetMap,2026-05-17 01:55:06
State Bank Of India,Bank,Chennai,Chennai,,OpenStreetMap,2026-05-17 01:55:06
Midnight Express,Restaurant,Chennai,Chennai,,OpenStreetMap,2026-05-17 01:55:06
Corporation Hospital,Hospital,Chennai,Chennai,,OpenStreetMap,2026-05-17 01:55:06
Green Park - Chennai,Hotel,Chennai,"Arcot Road, Chennai",+91 44 66515151,OpenStreetMap,2026-05-17 01:55:06
Le Royal Meridian,Hotel,Chennai,Chennai,,OpenStreetMap,2026-05-17 01:55:06
Residency Towers,Hotel,Chennai,Chennai,,OpenStreetMap,2026-05-17 01:55:06
Accord Metropolitan,Hotel,Chennai,Chennai,,OpenStreetMap,2026-05-17 01:55:06
Courtyard Marriott,Hotel,Chennai,"564, Anna Salai (Mount Road), Chennai",66764000,OpenStreetMap,2026-05-17 01:55:06
Karur Vysya Bank,Bank,Chennai,Chennai,,OpenStreetMap,2026-05-17 01:55:06
Canara Bank,Bank,Chennai,Chennai,,OpenStreetMap,2026-05-17 01:55:06
Hotel Mount Palace,Hotel,Chennai,Chennai,,OpenStreetMap,2026-05-17 01:55:06
"Hindu Mission Health Services, Kanchipuram",Hospital,Chennai,"Near By Ranga Theatre, Chennai, 100 Feet Road, Hinducolony, Nanagnanllur",,OpenStreetMap,2026-05-17 01:55:06
Military Hospital,Hospital,Chennai,Chennai,,OpenStreetMap,2026-05-17 01:55:06
Goverment Dental Hospital & Collage,Hospital,Chennai,Chennai,,OpenStreetMap,2026-05-17 01:55:06
Kilpauk Medical College,Hospital,Chennai,Chennai,,OpenStreetMap,2026-05-17 01:55:06
Trident Hilton,Hotel,Chennai,Chennai,,OpenStreetMap,2026-05-17 01:55:06
Radisson Blu Hotel,Hotel,Chennai,Chennai,,OpenStreetMap,2026-05-17 01:55:06
Sr Tennis Club,Gym,Chennai,Chennai,,OpenStreetMap,2026-05-17 01:55:06
Hariharan Hospital,Hospital,Chennai,"24 and 26, 'Swathi', 29 Th Street",,OpenStreetMap,2026-05-17 01:55:06
Bm Hospital,Hospital,Chennai,"5th Main Road, Chennai",044-22670277,OpenStreetMap,2026-05-17 01:55:06
Hotel Clarion,Hotel,Chennai,"Dr Radhakrishnan Salai, Chennai",,OpenStreetMap,2026-05-17 01:55:06
K.F. Hospital,Hospital,Chennai,"5, Sarwamangala Nagar, Nanganallur",,OpenStreetMap,2026-05-17 01:55:06
Indian Bank,Bank,Chennai,Chennai,,OpenStreetMap,2026-05-17 01:55:06
Cancer Institute,Hospital,Chennai,Chennai,,OpenStreetMap,2026-05-17 01:55:06
Axis Bank,Bank,Chennai,"13/1, 4th Main Road, Chennai",1860 500 5555,OpenStreetMap,2026-05-17 01:55:06
Hdfc Bank,Bank,Chennai,"5, Sabari Salai, Chennai",,OpenStreetMap,2026-05-17 01:55:06
Brilliant Matriculation School,School,Chennai,Chennai,,OpenStreetMap,2026-05-17 01:55:06
Mowbray'S Matriculation Higher Secondary School,School,Chennai,Chennai,,OpenStreetMap,2026-05-17 01:55:06
Saravana Bhavan,Restaurant,Chennai,"70, North Mada Street, Chennai",04424615588,OpenStreetMap,2026-05-17 01:55:06
Palmgrove,Hotel,Chennai,Chennai,,OpenStreetMap,2026-05-17 01:55:06
Barathi Hostel,Hotel,Chennai,Chennai,,OpenStreetMap,2026-05-17 01:55:06
Govt Maternity Hospital,Hospital,Chennai,Chennai,,OpenStreetMap,2026-05-17 01:55:06
Institute Of Child Health,Hospital,Chennai,Chennai,,OpenStreetMap,2026-05-17 01:55:06
Institute Of Obstetrics And Gynaecology Dd,Hospital,Chennai,Chennai,,OpenStreetMap,2026-05-17 01:55:06
Nilgiri'S,Supermarket,Chennai,Chennai,,OpenStreetMap,2026-05-17 01:55:06
Pizza Hut,Restaurant,Chennai,Chennai,,OpenStreetMap,2026-05-17 01:55:06
Cafe Coffee Day,Restaurant,Chennai,Chennai,,OpenStreetMap,2026-05-17 01:55:06
Planet Yumm,Restaurant,Chennai,Chennai,,OpenStreetMap,2026-05-17 01:55:06
Basera,Restaurant,Chennai,Chennai,,OpenStreetMap,2026-05-17 01:55:06
Ladies Mess,Restaurant,Chennai,Chennai,,OpenStreetMap,2026-05-17 01:55:06
Maami'S Mess,Restaurant,Chennai,Chennai,,OpenStreetMap,2026-05-17 01:55:06
Mayilai Sri Karpagambal Mess,Restaurant,Chennai,Chennai,,OpenStreetMap,2026-05-17 01:55:06
Sangeetha Veg Restaurant,Restaurant,Chennai,Chennai,,OpenStreetMap,2026-05-17 01:55:06
Vasantha Bhavan,Restaurant,Chennai,Chennai,,OpenStreetMap,2026-05-17 01:55:06
Adyar Ananda Bhavan,Restaurant,Chennai,"RK Mutt Road, Chennai",+91 44 2345 3031,OpenStreetMap,2026-05-17 01:55:06
Rayer Mess,Restaurant,Chennai,Chennai,,OpenStreetMap,2026-05-17 01:55:06
Spencers,Supermarket,Chennai,"2nd Avenue, Chennai",,OpenStreetMap,2026-05-17 01:55:06
Benjarong,Restaurant,Chennai,Chennai,,OpenStreetMap,2026-05-17 01:55:06
Okadeys,Restaurant,Chennai,Chennai,,OpenStreetMap,2026-05-17 01:55:06
Tamil Nadu Co-Op Bank,Bank,Chennai,Chennai,,OpenStreetMap,2026-05-17 01:55:06
Hotel Maris,Hotel,Chennai,Chennai,,OpenStreetMap,2026-05-17 01:55:06
New Woodlands,Hotel,Chennai,Chennai,,OpenStreetMap,2026-05-17 01:55:06
Hotel Savera,Hotel,Chennai,Chennai,,OpenStreetMap,2026-05-17 01:55:06
Amaravati,Restaurant,Chennai,Chennai,,OpenStreetMap,2026-05-17 01:55:06
Taj Tristar,Restaurant,Hyderabad,Hyderabad,,OpenStreetMap,2026-05-17 01:55:06
State Bank Of India,Bank,Hyderabad,Hyderabad,,OpenStreetMap,2026-05-17 01:55:06
Kfc,Restaurant,Hyderabad,Hyderabad,,OpenStreetMap,2026-05-17 01:55:06
Pizza Corner,Restaurant,Hyderabad,Hyderabad,,OpenStreetMap,2026-05-17 01:55:06
Windows Of The World,Restaurant,Hyderabad,Hyderabad,,OpenStreetMap,2026-05-17 01:55:06
Hdfc Bank,Bank,Hyderabad,Hyderabad,,OpenStreetMap,2026-05-17 01:55:06
Malgudi Restaurant,Restaurant,Hyderabad,Hyderabad,,OpenStreetMap,2026-05-17 01:55:06
Vikram Hospitals,Hospital,Hyderabad,"1-98/90/26, Near IOC Petrol Bunk, Hi-Tech City Main Road, Madhapur",,OpenStreetMap,2026-05-17 01:55:06
Apollo Pharmacy,Pharmacy,Hyderabad,Hyderabad,,OpenStreetMap,2026-05-17 01:55:06
Syndicate Bank,Bank,Hyderabad,Hyderabad,,OpenStreetMap,2026-05-17 01:55:06
Image Hospitals,Hospital,Hyderabad,"Plot No 8 & 9, Arunodaya Cooperative Housing Society, Vittal Rao nagar, Madhapur",,OpenStreetMap,2026-05-17 01:55:06
Olive Garden,Restaurant,Hyderabad,Hyderabad,,OpenStreetMap,2026-05-17 01:55:06
Icici Bank,Bank,Hyderabad,Hyderabad,,OpenStreetMap,2026-05-17 01:55:06
Sai Krishna Medical Hall,Pharmacy,Hyderabad,Hyderabad,,OpenStreetMap,2026-05-17 01:55:06
Andhra Bank,Bank,Hyderabad,Hyderabad,,OpenStreetMap,2026-05-17 01:55:06
Sri Sathya Sai Medical & General Stores,Pharmacy,Hyderabad,Hyderabad,,OpenStreetMap,2026-05-17 01:55:06
Karur Vysya Bank,Bank,Hyderabad,Hyderabad,,OpenStreetMap,2026-05-17 01:55:06
Bowl O China,Restaurant,Hyderabad,Hyderabad,,OpenStreetMap,2026-05-17 01:55:06
Development Credit Bank,Bank,Hyderabad,Hyderabad,,OpenStreetMap,2026-05-17 01:55:06
Axis Bank,Bank,Hyderabad,Hyderabad,,OpenStreetMap,2026-05-17 01:55:06
Reliance Fresh,Supermarket,Hyderabad,Hyderabad,,OpenStreetMap,2026-05-17 01:55:06
Aditya Hometel,Hotel,Hyderabad,Hyderabad,,OpenStreetMap,2026-05-17 01:55:06
Cafe Mocha,Restaurant,Hyderabad,Hyderabad,,OpenStreetMap,2026-05-17 01:55:06
Taj Banjara,Hotel,Hyderabad,Hyderabad,,OpenStreetMap,2026-05-17 01:55:06
Amrutha Castle,Hotel,Hyderabad,Hyderabad,,OpenStreetMap,2026-05-17 01:55:06
Idbi Bank,Bank,Hyderabad,Hyderabad,,OpenStreetMap,2026-05-17 01:55:06
Shanbhag Restaurant,Restaurant,Hyderabad,Hyderabad,,OpenStreetMap,2026-05-17 01:55:06
Hypercity,Supermarket,Hyderabad,Hyderabad,,OpenStreetMap,2026-05-17 01:55:06
Hyderabad House,Restaurant,Hyderabad,Hyderabad,,OpenStreetMap,2026-05-17 01:55:06
Chutneys,Restaurant,Hyderabad,Hyderabad,,OpenStreetMap,2026-05-17 01:55:06
Hotel Golkonda,Hotel,Hyderabad,Hyderabad,,OpenStreetMap,2026-05-17 01:55:06
Gautham Model School,School,Hyderabad,Hyderabad,,OpenStreetMap,2026-05-17 01:55:06
Ameerpet Government Hospital,Hospital,Hyderabad,Hyderabad,,OpenStreetMap,2026-05-17 01:55:06
Sri Vijaya Hospitals,Hospital,Hyderabad,Hyderabad,,OpenStreetMap,2026-05-17 01:55:06
Sri Balaji Kirana,Supermarket,Hyderabad,Hyderabad,,OpenStreetMap,2026-05-17 01:55:06
Surya Residency,Hotel,Hyderabad,Hyderabad,,OpenStreetMap,2026-05-17 01:55:06
Taj Belson,Restaurant,Hyderabad,Hyderabad,,OpenStreetMap,2026-05-17 01:55:06
Utsav Restaurant,Restaurant,Hyderabad,Hyderabad,,OpenStreetMap,2026-05-17 01:55:06
Sri Krishna Residency,Hotel,Hyderabad,Hyderabad,,OpenStreetMap,2026-05-17 01:55:06
Spenser'S Supermarket,Supermarket,Hyderabad,"Ameerpet-Fateh Nagar Road, Hyderabad",,OpenStreetMap,2026-05-17 01:55:06
Sree Priya Multi Speciality Hospital,Hospital,Hyderabad,Hyderabad,,OpenStreetMap,2026-05-17 01:55:06
Golden Cave Restaurant,Restaurant,Hyderabad,Hyderabad,,OpenStreetMap,2026-05-17 01:55:06
Mythri Restaurant And Bar,Restaurant,Hyderabad,"Satyam Theatre road, Satyam Theatre Road, Hyderabad",,OpenStreetMap,2026-05-17 01:55:06
Minerva Coffee House,Restaurant,Hyderabad,Hyderabad,,OpenStreetMap,2026-05-17 01:55:06
Zeeshan Hotel,Restaurant,Hyderabad,Hyderabad,,OpenStreetMap,2026-05-17 01:55:06
Iqbal Hotel,Restaurant,Hyderabad,Hyderabad,,OpenStreetMap,2026-05-17 01:55:06
Hotel Ajwa,Restaurant,Hyderabad,Hyderabad,,OpenStreetMap,2026-05-17 01:55:06
Choice Hotel,Restaurant,Hyderabad,Hyderabad,,OpenStreetMap,2026-05-17 01:55:06
Seven Star Cafe,Restaurant,Hyderabad,Hyderabad,,OpenStreetMap,2026-05-17 01:55:06
Needs Bakery,Supermarket,Hyderabad,Hyderabad,,OpenStreetMap,2026-05-17 01:55:06
Healthcare Medical Hall,Pharmacy,Hyderabad,Hyderabad,,OpenStreetMap,2026-05-17 01:55:06
Deluxe Medical Hall,Pharmacy,Hyderabad,Hyderabad,,OpenStreetMap,2026-05-17 01:55:06
Rahmat Ali Hospital,Hospital,Hyderabad,Hyderabad,,OpenStreetMap,2026-05-17 01:55:06
Reliable Medical Hall,Pharmacy,Hyderabad,Hyderabad,,OpenStreetMap,2026-05-17 01:55:06
Ali Cafe,Restaurant,Hyderabad,Hyderabad,,OpenStreetMap,2026-05-17 01:55:06
New Ali Cafe,Restaurant,Hyderabad,Hyderabad,,OpenStreetMap,2026-05-17 01:55:06
Husnain Hotel,Restaurant,Hyderabad,Hyderabad,,OpenStreetMap,2026-05-17 01:55:06
New Grand Restaurent,Restaurant,Hyderabad,Hyderabad,,OpenStreetMap,2026-05-17 01:55:06
Nayab Hotel,Restaurant,Hyderabad,Hyderabad,,OpenStreetMap,2026-05-17 01:55:06
شاداب ہوٹل (Hotel Shadab),Restaurant,Hyderabad,Hyderabad,+91 40 24561648,OpenStreetMap,2026-05-17 01:55:06
Madina Hotel,Restaurant,Hyderabad,Hyderabad,,OpenStreetMap,2026-05-17 01:55:06
Shahran Hotel,Restaurant,Hyderabad,Hyderabad,,OpenStreetMap,2026-05-17 01:55:06
Anand Bhavan (Vegetarian),Restaurant,Hyderabad,Hyderabad,,OpenStreetMap,2026-05-17 01:55:06
Farasha Cafe,Restaurant,Hyderabad,Hyderabad,,OpenStreetMap,2026-05-17 01:55:06
Madina Building;Ajfan,Supermarket,Hyderabad,Hyderabad,,OpenStreetMap,2026-05-17 01:55:06
S.V.E.S High School,School,Hyderabad,Hyderabad,,OpenStreetMap,2026-05-17 01:55:06
Jyothi Bala Mandir High School,School,Hyderabad,Hyderabad,,OpenStreetMap,2026-05-17 01:55:06
Satya Hospital,Hospital,Hyderabad,Hyderabad,,OpenStreetMap,2026-05-17 01:55:06
Reliance Fresh,Supermarket,Pune,Pune,,OpenStreetMap,2026-05-17 01:55:06
Mcdonald'S,Restaurant,Pune,Pune,,OpenStreetMap,2026-05-17 01:55:06
The Charcoal Pit,Restaurant,Pune,Pune,,OpenStreetMap,2026-05-17 01:55:06
The Great Punjab,Restaurant,Pune,Pune,,OpenStreetMap,2026-05-17 01:55:06
Shisha Jazz Cafe,Restaurant,Pune,Pune,,OpenStreetMap,2026-05-17 01:55:06
German Bakery,Restaurant,Pune,"Koregaon Park, Pune",,OpenStreetMap,2026-05-17 01:55:06
Anand Thali,Restaurant,Pune,Pune,,OpenStreetMap,2026-05-17 01:55:06
Hard Rock Cafe,Restaurant,Pune,Pune,,OpenStreetMap,2026-05-17 01:55:06
Stone Water Grill,Restaurant,Pune,Pune,,OpenStreetMap,2026-05-17 01:55:06
Nisarg,Restaurant,Pune,Pune,,OpenStreetMap,2026-05-17 01:55:06
Sun N Sand,Hotel,Pune,Pune,,OpenStreetMap,2026-05-17 01:55:06
Le Pizzeria,Restaurant,Pune,Pune,,OpenStreetMap,2026-05-17 01:55:06
Sriman,Hotel,Pune,Pune,,OpenStreetMap,2026-05-17 01:55:06
Asia Kitchen,Restaurant,Pune,"Boat Club Road, Pune",+91 20 66013030,OpenStreetMap,2026-05-17 01:55:06
Sirona,Hotel,Pune,Pune,,OpenStreetMap,2026-05-17 01:55:06
Thai House,Restaurant,Pune,Pune,,OpenStreetMap,2026-05-17 01:55:06
Yummy Tummy,Restaurant,Pune,"Magarpatta Inner Circle, Pune",,OpenStreetMap,2026-05-17 01:55:06
Megamart Shop,Supermarket,Pune,Pune,,OpenStreetMap,2026-05-17 01:55:06
Pushkar Sweets,Supermarket,Pune,Pune,,OpenStreetMap,2026-05-17 01:55:06
Karachi Sweets,Supermarket,Pune,Pune,,OpenStreetMap,2026-05-17 01:55:06
Seasonal Tastes,Restaurant,Pune,Pune,,OpenStreetMap,2026-05-17 01:55:06
Hairdresser,Salon,Pune,Pune,,OpenStreetMap,2026-05-17 01:55:06
Aroma'S,Restaurant,Pune,Pune,,OpenStreetMap,2026-05-17 01:55:06
Haka,Restaurant,Pune,Pune,,OpenStreetMap,2026-05-17 01:55:06
Cafe Coffee Day,Restaurant,Pune,Pune,,OpenStreetMap,2026-05-17 01:55:06
Bank Of Baroda,Bank,Pune,Pune,,OpenStreetMap,2026-05-17 01:55:06
Thousand Oaks,Restaurant,Pune,"East Street, Pune",+91 20 26343194,OpenStreetMap,2026-05-17 01:55:06
11 East Street Cafe,Restaurant,Pune,"Virwani Plaza 11, East Street, Pune",+91 20 41045500,OpenStreetMap,2026-05-17 01:55:06
Kareem'S,Restaurant,Pune,Pune,,OpenStreetMap,2026-05-17 01:55:06
Marz-O-Rin,Restaurant,Pune,Pune,,OpenStreetMap,2026-05-17 01:55:06
Aurora Towers,Hotel,Pune,Pune,,OpenStreetMap,2026-05-17 01:55:06
Kwality,Restaurant,Pune,Pune,,OpenStreetMap,2026-05-17 01:55:06
Sheetal Arch,Restaurant,Pune,Pune,,OpenStreetMap,2026-05-17 01:55:06
Sardar Patel Cantonment General Hospital,Hospital,Pune,"40, Solapur Baza Road",,OpenStreetMap,2026-05-17 01:55:06
Sigree,Restaurant,Pune,Pune,,OpenStreetMap,2026-05-17 01:55:06
Flags,Restaurant,Pune,Pune,,OpenStreetMap,2026-05-17 01:55:06
Coffee House,Restaurant,Pune,Pune,,OpenStreetMap,2026-05-17 01:55:06
Ram Krishna,Restaurant,Pune,Pune,,OpenStreetMap,2026-05-17 01:55:06
Starbucks,Restaurant,Pune,"North Main Road, Pune",,OpenStreetMap,2026-05-17 01:55:06
Raviraj,Hotel,Pune,Pune,,OpenStreetMap,2026-05-17 01:55:06
Dr. Babasaheb Ambedkar Cantonment General Hospital,Hospital,Pune,"Bus Stop, Elphinston Road, Kasamali Jumbo Marg, Khadki",,OpenStreetMap,2026-05-17 01:55:06
Trinco,Restaurant,Pune,Pune,,OpenStreetMap,2026-05-17 01:55:06
Cafe Code Red,Restaurant,Pune,Pune,,OpenStreetMap,2026-05-17 01:55:06
Command Hospital Southern Command,Hospital,Pune,"Right Flank Road, Pune",,OpenStreetMap,2026-05-17 01:55:06
Prego,Restaurant,Pune,Pune,,OpenStreetMap,2026-05-17 01:55:06
Kangan,Restaurant,Pune,Pune,,OpenStreetMap,2026-05-17 01:55:06
Rajwada,Restaurant,Pune,Pune,,OpenStreetMap,2026-05-17 01:55:06
Up And Above,Restaurant,Pune,Pune,,OpenStreetMap,2026-05-17 01:55:06
Symbiosis Nursery School,School,Pune,Pune,,OpenStreetMap,2026-05-17 01:55:06
Ishwar Medical,Pharmacy,Pune,Pune,,OpenStreetMap,2026-05-17 01:55:06
Chitale,Supermarket,Pune,Pune,,OpenStreetMap,2026-05-17 01:55:06
Grubshup,Restaurant,Pune,Pune,,OpenStreetMap,2026-05-17 01:55:06
Kalyan Bhel,Restaurant,Pune,Pune,,OpenStreetMap,2026-05-17 01:55:06
Sassoon Hospital,Hospital,Pune,Pune,,OpenStreetMap,2026-05-17 01:55:06
Blue Nile,Restaurant,Pune,Pune,,OpenStreetMap,2026-05-17 01:55:06
George,Restaurant,Pune,Pune,,OpenStreetMap,2026-05-17 01:55:06
Sagar Plaza,Hotel,Pune,Pune,,OpenStreetMap,2026-05-17 01:55:06
Mahesh Lunch Home,Restaurant,Pune,Pune,,OpenStreetMap,2026-05-17 01:55:06
Yo! China,Restaurant,Pune,Pune,,OpenStreetMap,2026-05-17 01:55:06
Kfc,Restaurant,Pune,Pune,,OpenStreetMap,2026-05-17 01:55:06
Barista Lavazza,Restaurant,Pune,Pune,,OpenStreetMap,2026-05-17 01:55:06
Toit Brewery And Resturant,Restaurant,Pune,"East Avenue, Pune",+91 7796694400,OpenStreetMap,2026-05-17 01:55:06
Rajdhani,Restaurant,Pune,Pune,,OpenStreetMap,2026-05-17 01:55:06
Hotel Mahableshwar,Restaurant,Pune,"Baner Road, Pune",,OpenStreetMap,2026-05-17 01:55:06
Pastry Corner,Restaurant,Pune,Pune,,OpenStreetMap,2026-05-17 01:55:06
Sanjeevani Vitalife Medipoint Hospital,Hospital,Pune,"New DP Road, Pune",,OpenStreetMap,2026-05-17 01:55:06
Lifeline Hospital,Hospital,Pune,Pune,,OpenStreetMap,2026-05-17 01:55:06
Iceberg,Restaurant,Pune,Pune,,OpenStreetMap,2026-05-17 01:55:06
Funky'S Stuff,Supermarket,Pune,Pune,,OpenStreetMap,2026-05-17 01:55:06
Zamu'S Place,Restaurant,Pune,Pune,,OpenStreetMap,2026-05-17 01:55:06
Sadanand Resorts,Restaurant,Pune,Pune,,OpenStreetMap,2026-05-17 01:55:06
Dr. Chowdhary,Hospital,Pune,Pune,,OpenStreetMap,2026-05-17 01:55:06
Dr. Bonagiri,Hospital,Pune,Pune,,OpenStreetMap,2026-05-17 01:55:06
Spicer Health Foods,Restaurant,Pune,Pune,,OpenStreetMap,2026-05-17 01:55:06
Khadki Fish Market,Supermarket,Pune,Pune,,OpenStreetMap,2026-05-17 01:55:06
Chung Fa,Restaurant,Pune,Pune,,OpenStreetMap,2026-05-17 01:55:06
Mayur Thali,Restaurant,Pune,Pune,,OpenStreetMap,2026-05-17 01:55:06
Centrepoint Guesthouse,Hotel,Kolkata,"20, Free School Street (Mirza Ghalib Street), Kolkata",,OpenStreetMap,2026-05-17 01:55:06
Eden Hospital,Hospital,Kolkata,Kolkata,,OpenStreetMap,2026-05-17 01:55:06
Calcutta Medical College & Hospital,Hospital,Kolkata,Kolkata,,OpenStreetMap,2026-05-17 01:55:06
Vidyasagar State General Hospital,Hospital,Kolkata,"Brahma Samaj Road, Vidyasagar Park, Behala",,OpenStreetMap,2026-05-17 01:55:06
Loreto Convent,School,Kolkata,Kolkata,,OpenStreetMap,2026-05-17 01:55:06
Standard Chartered,Bank,Kolkata,Kolkata,,OpenStreetMap,2026-05-17 01:55:06
Big Bazaar,Supermarket,Kolkata,Kolkata,,OpenStreetMap,2026-05-17 01:55:06
Axis Bank,Bank,Kolkata,Kolkata,,OpenStreetMap,2026-05-17 01:55:06
Hdfc Bank,Bank,Kolkata,Kolkata,,OpenStreetMap,2026-05-17 01:55:06
Bigbazar,Supermarket,Kolkata,Kolkata,,OpenStreetMap,2026-05-17 01:55:06
Anandalok(আনন্দলোক),Hospital,Kolkata,Kolkata,,OpenStreetMap,2026-05-17 01:55:06
Patha Bhavan Higher Secondary School,School,Kolkata,"82/7a, Ballygunge Place, Kolkata",,OpenStreetMap,2026-05-17 01:55:06
Patha Bhavan High School,School,Kolkata,Kolkata,,OpenStreetMap,2026-05-17 01:55:06
Sree Ramkrishna Pharmacy,Pharmacy,Kolkata,Kolkata,,OpenStreetMap,2026-05-17 01:55:06
Food Bazaar,Supermarket,Kolkata,"Alipore Road, Kolkata",,OpenStreetMap,2026-05-17 01:55:06
Dhaba,Restaurant,Kolkata,Kolkata,,OpenStreetMap,2026-05-17 01:55:06
"Shiv Sai Hotel, South Indian Restaurant",Restaurant,Kolkata,Kolkata,,OpenStreetMap,2026-05-17 01:55:06
Hindustan Health Point Pvt Ltd,Hospital,Kolkata,"2406,Garia Main Road",,OpenStreetMap,2026-05-17 01:55:06
Banana Leaf,Restaurant,Kolkata,"73 & 75 Rash Behari Avenue, Kolkata",,OpenStreetMap,2026-05-17 01:55:06
Bar-B-Que,Restaurant,Kolkata,"Park Street, Kolkata",,OpenStreetMap,2026-05-17 01:55:06
Ballygunge Drugs Centre,Pharmacy,Kolkata,Kolkata,,OpenStreetMap,2026-05-17 01:55:06
Icici Bank,Bank,Kolkata,"1/1, Ashutosh Chowdhury Road, Kolkata",,OpenStreetMap,2026-05-17 01:55:06
Frank Ross,Pharmacy,Kolkata,"53/1/3, Hazra Road, Kolkata",,OpenStreetMap,2026-05-17 01:55:06
Sri Ramakrishna Pharmacy,Pharmacy,Kolkata,Kolkata,,OpenStreetMap,2026-05-17 01:55:06
Krishna Super Bazar,Supermarket,Kolkata,"#4A, New Road, Kolkata",,OpenStreetMap,2026-05-17 01:55:06
Domino'S,Restaurant,Kolkata,Kolkata,,OpenStreetMap,2026-05-17 01:55:06
Get Well,Pharmacy,Kolkata,"63, Rash Behari Avenue, Kolkata",098314 61931,OpenStreetMap,2026-05-17 01:55:06
National Gems Higher Secoundry School,School,Kolkata,"D.r A.k paul raod, Kolkata",,OpenStreetMap,2026-05-17 01:55:06
Behla Blind School,School,Kolkata,"Diamond Harbour road, Kolkata",,OpenStreetMap,2026-05-17 01:55:06
Shaw Public Girls High School,School,Kolkata,"Fakir para road, Kolkata",,OpenStreetMap,2026-05-17 01:55:06
Chabi Medical,Clinic,Kolkata,"D.r A.k paul road, Kolkata",,OpenStreetMap,2026-05-17 01:55:06
Roll Shop,Restaurant,Kolkata,Kolkata,,OpenStreetMap,2026-05-17 01:55:06
Kookie Jar,Restaurant,Kolkata,Kolkata,,OpenStreetMap,2026-05-17 01:55:06
Cream & Fudge,Restaurant,Kolkata,Kolkata,,OpenStreetMap,2026-05-17 01:55:06
Boudir Bhater,Hotel,Kolkata,Kolkata,,OpenStreetMap,2026-05-17 01:55:06
Kfc,Restaurant,Kolkata,Kolkata,,OpenStreetMap,2026-05-17 01:55:06
"Nips Serviced Apartment / Guest House Ec-98, Salt Lake",Hotel,Kolkata,Kolkata,,OpenStreetMap,2026-05-17 01:55:06
Skylark,Salon,Kolkata,"235/2A, AJC Bose Road, Kolkata",,OpenStreetMap,2026-05-17 01:55:06
Peerless Hospital And B.K.Roy Research Center,Hospital,Kolkata,360 Panchasayar,,OpenStreetMap,2026-05-17 01:55:06
Hotel Kempton,Hotel,Kolkata,Kolkata,,OpenStreetMap,2026-05-17 01:55:06
Arya International,Hotel,Kolkata,"Ray Street, Kolkata",,OpenStreetMap,2026-05-17 01:55:06
Oh! Calcutta,Restaurant,Kolkata,"10/3, Elgin Road, Kolkata",+91-033-22837161,OpenStreetMap,2026-05-17 01:55:06
Trimoorti,Hotel,Kolkata,"24, Ray Street, Kolkata",+91 033 2486 8572,OpenStreetMap,2026-05-17 01:55:06
State Bank Of India,Bank,Kolkata,Kolkata,,OpenStreetMap,2026-05-17 01:55:06
Bank Of India,Bank,Kolkata,Kolkata,,OpenStreetMap,2026-05-17 01:55:06
"Loreto Girls School, Sealdah",School,Kolkata,Kolkata,,OpenStreetMap,2026-05-17 01:55:06
Big Max,Restaurant,Kolkata,"1A, Russel Street, Kolkata",,OpenStreetMap,2026-05-17 01:55:06
In & Out,Supermarket,Kolkata,Kolkata,,OpenStreetMap,2026-05-17 01:55:06
Sawasdee Namaste Spa,Salon,Kolkata,Kolkata,,OpenStreetMap,2026-05-17 01:55:06
Bhikaaram,Restaurant,Kolkata,Kolkata,,OpenStreetMap,2026-05-17 01:55:06
C3,Supermarket,Kolkata,Kolkata,,OpenStreetMap,2026-05-17 01:55:06
Punjab National Bank,Bank,Kolkata,Kolkata,,OpenStreetMap,2026-05-17 01:55:06
Subodh Mitra Cancer Hospital And Research Centre,Hospital,Kolkata,Kolkata,03323352515,OpenStreetMap,2026-05-17 01:55:06
Holy Child School,School,Kolkata,"2, Duff Street, Kolkata",,OpenStreetMap,2026-05-17 01:55:06
St. Joan'S School,School,Kolkata,Kolkata,,OpenStreetMap,2026-05-17 01:55:06
Hotel Shivangan,Hotel,Kolkata,Kolkata,,OpenStreetMap,2026-05-17 01:55:06
Bb'S,Restaurant,Kolkata,Kolkata,,OpenStreetMap,2026-05-17 01:55:06
Calcutta Public School,School,Kolkata,Kolkata,,OpenStreetMap,2026-05-17 01:55:06
Baguiati Ac Market,Supermarket,Kolkata,Kolkata,,OpenStreetMap,2026-05-17 01:55:06
Aliah University,School,Kolkata,Kolkata,,OpenStreetMap,2026-05-17 01:55:06
Suraksha Diagnostic,Hospital,Kolkata,Kolkata,,OpenStreetMap,2026-05-17 01:55:06
Bidhannagar State General Hospital,Hospital,Kolkata,Kolkata,,OpenStreetMap,2026-05-17 01:55:06
Seba Hospital,Hospital,Kolkata,Kolkata,,OpenStreetMap,2026-05-17 01:55:06
Salt Lake Collegiate School,School,Kolkata,Kolkata,,OpenStreetMap,2026-05-17 01:55:06
"Vasan Eye Care Hospital, Kolkata",Hospital,Kolkata,"Andromeda, Dd-30, Sector-1, Saltlake City, Salt Lake",339890000,OpenStreetMap,2026-05-17 01:55:06
Bidhannagar College,School,Kolkata,Kolkata,,OpenStreetMap,2026-05-17 01:55:06
Bank Of Baroda,Bank,Kolkata,Kolkata,,OpenStreetMap,2026-05-17 01:55:06
Bank Of Maharashtra,Bank,Kolkata,Kolkata,,OpenStreetMap,2026-05-17 01:55:06
Arambagh Foodmart,Supermarket,Kolkata,Kolkata,,OpenStreetMap,2026-05-17 01:55:06
Babamoni,Supermarket,Kolkata,Kolkata,,OpenStreetMap,2026-05-17 01:55:06
Icar-Cau Guest House,Hotel,Kolkata,Kolkata,,OpenStreetMap,2026-05-17 01:55:06
Institute Of Engeneering & Management Business School(Ashram Campus),School,Kolkata,Kolkata,,OpenStreetMap,2026-05-17 01:55:06
Bowler'S Den,Restaurant,Kolkata,Kolkata,,OpenStreetMap,2026-05-17 01:55:06
Sai Complex,Gym,Kolkata,Kolkata,,OpenStreetMap,2026-05-17 01:55:06
Oh Calcutta!,Restaurant,Kolkata,Kolkata,,OpenStreetMap,2026-05-17 01:55:06
Umaid Bhawan,Hotel,Jaipur,Jaipur,,OpenStreetMap,2026-05-17 01:55:06
Natraj Vegetarian Restaurant,Restaurant,Jaipur,Jaipur,,OpenStreetMap,2026-05-17 01:55:06
Holiday Inn,Hotel,Jaipur,Jaipur,,OpenStreetMap,2026-05-17 01:55:06
Jasvilas,Hotel,Jaipur,"C-9, Sawai Jai Singh Highway, Jaipur",,OpenStreetMap,2026-05-17 01:55:06
Anokhi Cafe,Restaurant,Jaipur,Jaipur,,OpenStreetMap,2026-05-17 01:55:06
Devi Niketan Heritage Hotel,Hotel,Jaipur,"Devi Niketan,Near Chomu House Circle,Sardar Patel Road,Jaipur 302001India",+91 141 2370076,OpenStreetMap,2026-05-17 01:55:06
Royal Guest House,Hotel,Jaipur,Jaipur,,OpenStreetMap,2026-05-17 01:55:06
Relaince Fresh,Supermarket,Jaipur,"Shastri Nagar, Jaipur",,OpenStreetMap,2026-05-17 01:55:06
Shahpura House,Hotel,Jaipur,Jaipur,,OpenStreetMap,2026-05-17 01:55:06
Park Ocean,Hotel,Jaipur,"A-4, Sikar Road, Jaipur",,OpenStreetMap,2026-05-17 01:55:06
Metropolitian Mall,Supermarket,Jaipur,Jaipur,,OpenStreetMap,2026-05-17 01:55:06
Dera Rawatsar - Heritage Hotel,Hotel,Jaipur,Jaipur,,OpenStreetMap,2026-05-17 01:55:06
Pearl Palace Hotel,Hotel,Jaipur,Jaipur,,OpenStreetMap,2026-05-17 01:55:06
Jaipur Inn,Hotel,Jaipur,Jaipur,,OpenStreetMap,2026-05-17 01:55:06
Jwala Niketan,Hotel,Jaipur,Jaipur,,OpenStreetMap,2026-05-17 01:55:06
Devraj Niwas - Boutique Hotel,Hotel,Jaipur,Jaipur,,OpenStreetMap,2026-05-17 01:55:06
Alsisar'S Haveli,Hotel,Jaipur,"Sansar Chandra Rd, Shri Ram Colony, Sindhi Camp, Jaipur, Rajasthan 302001, Jaipur",,OpenStreetMap,2026-05-17 01:55:06
Hotel Om Tower,Hotel,Jaipur,Jaipur,,OpenStreetMap,2026-05-17 01:55:06
Dental Care Centre 2,Clinic,Jaipur,"1, Gopal Bari, Ajmer Road, Jaipur",,OpenStreetMap,2026-05-17 01:55:06
New Pupils Senior Secondary School,School,Jaipur,"2976, uniyaro ka rasta, 3rd cross, Jaipur",,OpenStreetMap,2026-05-17 01:55:06
Ever Green,Hotel,Jaipur,Jaipur,,OpenStreetMap,2026-05-17 01:55:06
Akriti,Hotel,Jaipur,Jaipur,,OpenStreetMap,2026-05-17 01:55:06
Ganesh Restaurant,Restaurant,Jaipur,Jaipur,,OpenStreetMap,2026-05-17 01:55:06
Spice Court,Restaurant,Jaipur,"Achrol House, Civil Lines, Jaipur",,OpenStreetMap,2026-05-17 01:55:06
Hari Mahal Palace,Hotel,Jaipur,Jaipur,,OpenStreetMap,2026-05-17 01:55:06
Laxmi Mishthan Bhandar,Restaurant,Jaipur,Jaipur,+91 9024 609609,OpenStreetMap,2026-05-17 01:55:06
Maheshwari Girls Public School,School,Jaipur,Jaipur,1412236571,OpenStreetMap,2026-05-17 01:55:06
"Alcs: Cosmetic Surgery, Hair Transplant & Laser Clinic In Jaipur",Hospital,Jaipur,"1 Shivaji Nagar, Civil Lines, jaipur – 302006, Rajasthan, India, 1 Shivaji Nagar, Civil Lines, Jaipur",,OpenStreetMap,2026-05-17 01:55:06
Clmm Hotel,Hotel,Jaipur,Jaipur,,OpenStreetMap,2026-05-17 01:55:06
Bharatiya Vidya Bhavan'S Vidyashram,School,Jaipur,Jaipur,,OpenStreetMap,2026-05-17 01:55:06
Dr. Radha Krishnan Shiksha Sankul,Clinic,Jaipur,Jaipur,,OpenStreetMap,2026-05-17 01:55:06
Prakritik Chikitsalaya,Hospital,Jaipur,Jaipur,,OpenStreetMap,2026-05-17 01:55:06
Santokba Durlabhji Memorial Hospital,Hospital,Jaipur,Jaipur,,OpenStreetMap,2026-05-17 01:55:06
Subodh Public School,School,Jaipur,Jaipur,,OpenStreetMap,2026-05-17 01:55:06
Bissau Palace Hotel,Hotel,Jaipur,"Chand Pole, Jaipur",,OpenStreetMap,2026-05-17 01:55:06
Esic Hospital,Hospital,Jaipur,Jaipur,,OpenStreetMap,2026-05-17 01:55:06
Old Green Tandori Dhaba,Restaurant,Jaipur,Jaipur,,OpenStreetMap,2026-05-17 01:55:06
Pearl Palace Heritage,Hotel,Jaipur,Jaipur,+91-141-2375242,OpenStreetMap,2026-05-17 01:55:06
State Bank Of India,Bank,Jaipur,Jaipur,,OpenStreetMap,2026-05-17 01:55:06
Royal Orchid,Hotel,Jaipur,"Tonk road, Jaipur",,OpenStreetMap,2026-05-17 01:55:06
Saket Hospital,Hospital,Jaipur,"Sector - 10, Meera Bagh, Agarwal Farm, Mansarovar",,OpenStreetMap,2026-05-17 01:55:06
Icici Bank,Bank,Jaipur,Jaipur,,OpenStreetMap,2026-05-17 01:55:06
Hotel Raj Style Inn,Restaurant,Jaipur,Jaipur,,OpenStreetMap,2026-05-17 01:55:06
Neelam Dhaba,Restaurant,Jaipur,Jaipur,,OpenStreetMap,2026-05-17 01:55:06
Curewell Hospital,Hospital,Jaipur,"1/51-53, S.F.S., Mansrovar",,OpenStreetMap,2026-05-17 01:55:06
Mahadev Dhaba,Restaurant,Jaipur,Jaipur,,OpenStreetMap,2026-05-17 01:55:06
Saras Parlour,Restaurant,Jaipur,"JLN Road, Jaipur",,OpenStreetMap,2026-05-17 01:55:06
St. Anslem School,School,Jaipur,"New Sanganer Road, Jaipur",,OpenStreetMap,2026-05-17 01:55:06
Chitra Café,Restaurant,Jaipur,Jaipur,,OpenStreetMap,2026-05-17 01:55:06
Golden Inn,Hotel,Jaipur,Jaipur,,OpenStreetMap,2026-05-17 01:55:06
Chitra Katha,Hotel,Jaipur,Jaipur,,OpenStreetMap,2026-05-17 01:55:06
Vishal,Supermarket,Jaipur,"Plot No, 1, Elevated Ajmer Rd, opposite Government hostel, Gopalbari, Jaipur, Rajasthan 302006, Ajmer Road, Jaipur",,OpenStreetMap,2026-05-17 01:55:06
Jai Mangal Palace,Hotel,Jaipur,"Station Road, Jaipur",0141-2378901,OpenStreetMap,2026-05-17 01:55:06
Jaipuria School,School,Jaipur,"Jawaharlal Nehru Marg, Jaipur",,OpenStreetMap,2026-05-17 01:55:06
Goverment Rukmani Devi Japuria Hospital,Hospital,Jaipur,Jaipur,,OpenStreetMap,2026-05-17 01:55:06
Kanha,Restaurant,Jaipur,Jaipur,,OpenStreetMap,2026-05-17 01:55:06
Mnit College Dispensary,Hospital,Jaipur,Jaipur,,OpenStreetMap,2026-05-17 01:55:06
"St.Anselm'S Pink City,Malviya Nagar, Jaipur",School,Jaipur,"Calgiri Road, Jaipur",01412520240,OpenStreetMap,2026-05-17 01:55:06
Hotel Shalimar,Hotel,Jaipur,Jaipur,,OpenStreetMap,2026-05-17 01:55:06
Nibs,Restaurant,Jaipur,Jaipur,,OpenStreetMap,2026-05-17 01:55:06
Pizza Hut,Restaurant,Jaipur,"109, M. I. Road, Jaipur",,OpenStreetMap,2026-05-17 01:55:06
Atithi,Hotel,Jaipur,Jaipur,,OpenStreetMap,2026-05-17 01:55:06
Mcdonald'S,Restaurant,Jaipur,Jaipur,,OpenStreetMap,2026-05-17 01:55:06
Vitthal'S Kitchen,Restaurant,Jaipur,Jaipur,,OpenStreetMap,2026-05-17 01:55:06
Golden Manor,Hotel,Jaipur,Jaipur,,OpenStreetMap,2026-05-17 01:55:06
Rukmani Garden,Hotel,Jaipur,"B2 EF, Shiv Marg, Bani Park, Jaipur",,OpenStreetMap,2026-05-17 01:55:06
Tara Niwas,Hotel,Jaipur,Jaipur,,OpenStreetMap,2026-05-17 01:55:06
Hotel Rangoli,Hotel,Jaipur,Jaipur,,OpenStreetMap,2026-05-17 01:55:06
Sanjay Medical Store,Pharmacy,Jaipur,Jaipur,,OpenStreetMap,2026-05-17 01:55:06
Allahabad Bank,Bank,Jaipur,Jaipur,,OpenStreetMap,2026-05-17 01:55:06
J&K Bank,Bank,Jaipur,Jaipur,,OpenStreetMap,2026-05-17 01:55:06
Shimla Hair Art And Spa,Salon,Jaipur,Jaipur,,OpenStreetMap,2026-05-17 01:55:06
Itc Rajputana,Hotel,Jaipur,Jaipur,,OpenStreetMap,2026-05-17 01:55:06
Shree Ganesh Namkeen Bhandar,Restaurant,Jaipur,"Meera Marg, Jaipur",,OpenStreetMap,2026-05-17 01:55:06
Yash Vidya Mandir,School,Jaipur,Jaipur,,OpenStreetMap,2026-05-17 01:55:06
Rajasthan Urban Co-Operative Bank,Bank,Jaipur,Jaipur,,OpenStreetMap,2026-05-17 01:55:06
Yo China,Restaurant,Jaipur,"D-183, Mahesh Marg, D-Block, Sector 4, Malviya Nagar, Jaipur, Rajasthan 302017, Jaipur",,OpenStreetMap,2026-05-17 01:55:06
Standard Chartered,Bank,Jaipur,Jaipur,,OpenStreetMap,2026-05-17 01:55:06
Tapidas & Tulsidas Varajdas School,School,Surat,Surat,,OpenStreetMap,2026-05-17 01:55:06
Katargam Sketing Rink,Gym,Surat,Surat,,OpenStreetMap,2026-05-17 01:55:06
State Bank Of India,Bank,Surat,Surat,,OpenStreetMap,2026-05-17 01:55:06
Govt. School,School,Surat,Surat,,OpenStreetMap,2026-05-17 01:55:06
Canteen,Restaurant,Surat,Surat,,OpenStreetMap,2026-05-17 01:55:06
Barbeque Nation,Restaurant,Surat,Surat,,OpenStreetMap,2026-05-17 01:55:06
Wok On Fire,Restaurant,Surat,Surat,,OpenStreetMap,2026-05-17 01:55:06
Cafe Coffee Day,Restaurant,Surat,Surat,,OpenStreetMap,2026-05-17 01:55:06
Gokulam Dairy,Restaurant,Surat,"RK Desai Marg, Surat",,OpenStreetMap,2026-05-17 01:55:06
Adarsh,Restaurant,Surat,Surat,,OpenStreetMap,2026-05-17 01:55:06
Cafe Coffeee,Restaurant,Surat,Surat,,OpenStreetMap,2026-05-17 01:55:06
Sheetal Hospital,Hospital,Surat,Surat,,OpenStreetMap,2026-05-17 01:55:06
Dokla Cafe,Restaurant,Surat,Surat,,OpenStreetMap,2026-05-17 01:55:06
Axis Bank,Bank,Surat,Surat,,OpenStreetMap,2026-05-17 01:55:06
Idbi Bank Atm,Bank,Surat,Surat,,OpenStreetMap,2026-05-17 01:55:06
Smt. R. B. Shah Mahavir Super Speciality Hospital / Shri Bachubhai Dahyabhai Mehta Mahavir Heart Institute,Hospital,Surat,"At. Shree Mahavir Health Campus, Opposite Jeevan Bharti School",,OpenStreetMap,2026-05-17 01:55:06
Rajuchacha Vadapav,Restaurant,Surat,Surat,,OpenStreetMap,2026-05-17 01:55:06
Shree Multispeciality Hospital,Clinic,Surat,Surat,,OpenStreetMap,2026-05-17 01:55:06
Dena Bank,Bank,Surat,"SH6, Surat",,OpenStreetMap,2026-05-17 01:55:06
Jay Jalaram Khaman House,Restaurant,Surat,Surat,,OpenStreetMap,2026-05-17 01:55:06
Zainab Memorial Hospital,Hospital,Surat,"Shabnam Park Society, Near Diwali Baug, Rushabh Char Rasta, Rander Road",,OpenStreetMap,2026-05-17 01:55:06
Rajhans Residency,Hotel,Surat,Surat,,OpenStreetMap,2026-05-17 01:55:06
Anna'S Kitchen,Restaurant,Surat,"Dumas Road, Surat",+919722222276,OpenStreetMap,2026-05-17 01:55:06
Hdfc Bank,Bank,Surat,Surat,,OpenStreetMap,2026-05-17 01:55:06
Mcdonald'S,Restaurant,Surat,"Ghod Dhod Road, Surat",,OpenStreetMap,2026-05-17 01:55:06
Kiara Spa,Supermarket,Surat,"Athwalines Road, Surat",,OpenStreetMap,2026-05-17 01:55:06
Torrent ટોરેન્ટ,Pharmacy,Surat,Surat,,OpenStreetMap,2026-05-17 01:55:06
Torrent Power Substation ટોરેન્ટ પાવર સબસ્ટેશન,Pharmacy,Surat,Surat,,OpenStreetMap,2026-05-17 01:55:06
D.S. Dhosa,Restaurant,Surat,"Kiran chowk, Surat",,OpenStreetMap,2026-05-17 01:55:06
Patel Fastfood,Restaurant,Surat,"kiran chowk, Surat",,OpenStreetMap,2026-05-17 01:55:06
Indusind Bank,Bank,Surat,"yogi chowk, Surat",,OpenStreetMap,2026-05-17 01:55:06
Dhiraj Sons,Supermarket,Surat,"yogi chowk, Surat",,OpenStreetMap,2026-05-17 01:55:06
Sanidhya Hospital,Hospital,Surat,"Saavaliya circle, Surat",,OpenStreetMap,2026-05-17 01:55:06
The Varachha Co-Operative Bank,Bank,Surat,"swapna residency, savaliya circle, Surat",,OpenStreetMap,2026-05-17 01:55:06
Rekhaben'S Namkeen,Restaurant,Surat,Surat,,OpenStreetMap,2026-05-17 01:55:06
Urvi Eye Hospital,Hospital,Surat,"Parvati Complex, Dairy Road",,OpenStreetMap,2026-05-17 01:55:06
Gopi Children Hospital,Hospital,Surat,"3Road Floor, Sadhana Hospital Building, Unapani Road",,OpenStreetMap,2026-05-17 01:55:06
Jivani Orthopaedic Hospital,Hospital,Surat,"Ground Floor, National Plaza, Opposite Ayurvedic College, Station Road",,OpenStreetMap,2026-05-17 01:55:06
Tender Touch Childrens Hospital And Neonatal Unit,Hospital,Surat,"2nd Floor , Ornate House ,Athwa Gate , Ring Road",,OpenStreetMap,2026-05-17 01:55:06
Verma Children Hospital,Hospital,Surat,"Saibaba Nagar, Pandesara",,OpenStreetMap,2026-05-17 01:55:06
Khushabu Hospital,Hospital,Surat,"Jivan-Jyot Cinema, udhna road",,OpenStreetMap,2026-05-17 01:55:06
Shreyans Ano-Rectal And Day-Care Hospital,Hospital,Surat,"National Plaza, Station Road",,OpenStreetMap,2026-05-17 01:55:06
Healing Hands Hospital,Hospital,Surat,"Prasham Building, City Light Road",+91-97127-17557,OpenStreetMap,2026-05-17 01:55:06
"Urmil Heart And Lung Centre, Surat",Hospital,Surat,"4/735-Mali Falia, Allaya Wadi",,OpenStreetMap,2026-05-17 01:55:06
Dr. Sachdev Eye Hospital,Hospital,Surat,"5&6Th Floor, Platinum Plaza, Near Pooja Abhishek, Parle Point",,OpenStreetMap,2026-05-17 01:55:06
"Shree Prannath Hospital, Surat",Hospital,Surat,"Ved Road, Opposite Sangavi Diamond",,OpenStreetMap,2026-05-17 01:55:06
Burhani Hospital,Hospital,Surat,"4/4740, Taiyebi Mohalla, Opposite Mahindharpura Police Station",,OpenStreetMap,2026-05-17 01:55:06
Asutosh Hospital,Hospital,Surat,"Beside Kshetrapal Mandir, Rajeshree Hall Road, Majura Gate",,OpenStreetMap,2026-05-17 01:55:06
Dhameliya Kidney Hospital And Lithotripsy Centre,Hospital,Surat,"Near Parag House,Udhana Darwaja",,OpenStreetMap,2026-05-17 01:55:06
Shree Hari Om General Hospital And Maternity Home,Hospital,Surat,"A-Wing, Drashti Complex,OppositeL.P.Savani Vidhyabhavan,Honey Park Road , Adajan",,OpenStreetMap,2026-05-17 01:55:06
Astitva Orthopaedic And Medical Hospital,Hospital,Surat,"3-4, Mahavir Nagar, Opposite Rupali Cinema, Palanpur Patia",,OpenStreetMap,2026-05-17 01:55:06
"Eye-Q Super Speciality Eye Hospitals, Udhana",Hospital,Surat,"2nd Floor, SNS House, Udhana Teen Rasta, Opposite Silicon Shoppers, Udhana Main Road, Udhana",,OpenStreetMap,2026-05-17 01:55:06
Apple Hospital,Hospital,Surat,"Udhana Darwaja, Ring Road, Near Old Rajkumar Theatre",,OpenStreetMap,2026-05-17 01:55:06
New City Hospital And Polyclinic,Hospital,Surat,"9, Dev Deep Soceity Lane, Umra",,OpenStreetMap,2026-05-17 01:55:06
New Tech Surgical Hospital & Physio Care Centre,Hospital,Surat,"2001, 2nd Floor, Riddhi Residency,Beside Jalram Temple, L.P.Savani Road, Adajan",,OpenStreetMap,2026-05-17 01:55:06
Harikrishna Hospital,Hospital,Surat,"7/279, Helena Trade, Unapani Road",,OpenStreetMap,2026-05-17 01:55:06
Shreyash Hospital,Hospital,Surat,"Swaminarayan Complex, OppositeMajuragate Ring Road",,OpenStreetMap,2026-05-17 01:55:06
P.P.Savani Heart Institute And Multispeciality Hospital,Hospital,Surat,"Mansi Near Siddhkutir Temple, Varachha Road",,OpenStreetMap,2026-05-17 01:55:06
Navin Orthopaedic And Trauma Centre,Hospital,Surat,"B/H Gabani Kidney Hospital, Opposite Railway Station",,OpenStreetMap,2026-05-17 01:55:06
Happy And Healthy Hospital,Hospital,Surat,"B/141.1st Floor, Shankheshwar Complex, Opposite Raymonds Show Room, Kailasnagar",,OpenStreetMap,2026-05-17 01:55:06
Maa `N` Baby Hospital,Hospital,Surat,"P-1, Shanti Sadan, 1st Floor, Opposite Tekrawala School,Palanpur Patia",,OpenStreetMap,2026-05-17 01:55:06
Sneh Children Hospital,Hospital,Surat,Hira Baug,,OpenStreetMap,2026-05-17 01:55:06
Divyesh Eye Hospital,Hospital,Surat,"102, Modeshwari Complex, OppositeL.P. Swani School, Near Hero Honda Service Station, New Adajan",,OpenStreetMap,2026-05-17 01:55:06
Ashish Eye Hospital,Hospital,Surat,Rustampura,,OpenStreetMap,2026-05-17 01:55:06
Sharda Hospital And Research Centre,Hospital,Surat,"Beside Kailasnagar Jain Derasar,Majuragate -Shankhuar Road",,OpenStreetMap,2026-05-17 01:55:06
Girish Group Of Hospital,Hospital,Surat,"Shankeshwar Complex, Majuragate",,OpenStreetMap,2026-05-17 01:55:06
Arpan Public Charitable Trust,Hospital,Surat,"2nd Floor, Kinara Apartment, Makkai Pool, Nanpura",,OpenStreetMap,2026-05-17 01:55:06
Dr. Kapse Children Hospital,Hospital,Surat,"Akshar Complex, 1st Floor, Near Kwality Hotel, Makkaipool",,OpenStreetMap,2026-05-17 01:55:06
Smt. Rasilaben Sevantilal Shah Venus Hospital - Surat,Hospital,Surat,Rampura Road,,OpenStreetMap,2026-05-17 01:55:06
"Navjivan Hospital, Surat",Hospital,Surat,"Doctor House, Ist Flr Sarathi Complex Turava Compound Varachha Road",,OpenStreetMap,2026-05-17 01:55:06
Babul Hospital,Hospital,Surat,"2nd Floor, Manohar Complex, Near Pumping Station, Saiyadpura",,OpenStreetMap,2026-05-17 01:55:06
Raijiwala Eye Hospital,Hospital,Surat,"First Flr, Firoz Chambers Behind Lalgate Police Chwki Knad Bazar",,OpenStreetMap,2026-05-17 01:55:06
Matrutva Nursing Home,Clinic,Surat,"1 St Floor,Shantivan Apts,Near Snehsankul Vadi",,OpenStreetMap,2026-05-17 01:55:06
Prarthana Maternity And Nursing Home,Clinic,Surat,"M-15, Mahan Terrace, Adajan Road",,OpenStreetMap,2026-05-17 01:55:06